Model 2M;https://audio-database.com/ACOUSTAT/speaker/model2m.html;https://audio-database.com/ACOUSTAT/speaker/sammodel2m.jpg
Model 3M;https://audio-database.com/ACOUSTAT/speaker/model3m.html;https://audio-database.com/ACOUSTAT/speaker/sammodel3m.jpg
Amphora;https://audio-database.com/ACOUSTICARTS(eng)/speaker/amphora.html;https://audio-database.com/ACOUSTICARTS(eng)/speaker/samamphora.jpg
AE1;https://audio-database.com/ACOUSTICENERGY/speaker/ae1.html;https://audio-database.com/ACOUSTICENERGY/speaker/samae1.jpg
AE1 Signature;https://audio-database.com/ACOUSTICENERGY/speaker/ae1signature.html;https://audio-database.com/ACOUSTICENERGY/speaker/samae1signature.jpg
AE1mk2;https://audio-database.com/ACOUSTICENERGY/speaker/ae1mk3.html;https://audio-database.com/ACOUSTICENERGY/speaker/samae1mk3.jpg
AE2;https://audio-database.com/ACOUSTICENERGY/speaker/ae2.html;https://audio-database.com/ACOUSTICENERGY/speaker/samae2.jpg
AE2 Signature;https://audio-database.com/ACOUSTICENERGY/speaker/ae2signature.html;https://audio-database.com/ACOUSTICENERGY/speaker/samae2signature.jpg
AE3mk2;https://audio-database.com/ACOUSTICENERGY/speaker/ae3mk2.html;https://audio-database.com/ACOUSTICENERGY/speaker/samae3mk2.jpg
Bolero;https://audio-database.com/ACUSTIK-LAB/speaker/bolero-e.html;https://audio-database.com/ACUSTIK-LAB/speaker/sambolero.JPG
画像無しBolero Limited;https://audio-database.com/ACUSTIK-LAB/speaker/bolero-limited-e.html;https://audio-database.com/ACUSTIK-LAB/syurui
Bolero Bonita;https://audio-database.com/ACUSTIK-LAB/speaker/bolero-bonita-e.html;https://audio-database.com/ACUSTIK-LAB/speaker/sambolero-bonita.JPG
Bolero Grande;https://audio-database.com/ACUSTIK-LAB/speaker/bolero-grande-e.html;https://audio-database.com/ACUSTIK-LAB/speaker/sambolero-grande.JPG
Bolero Piccolo;https://audio-database.com/ACUSTIK-LAB/speaker/bolero-piccolo-e.html;https://audio-database.com/ACUSTIK-LAB/speaker/sambolero-piccolo.JPG
Advent;https://audio-database.com/ADVENT/speaker/advent.html;https://audio-database.com/ADVENT/speaker/samadvent.jpg
Advent-2;https://audio-database.com/ADVENT/speaker/advent-2.html;https://audio-database.com/ADVENT/speaker/samadvent-2.JPG
Smaller Advent;https://audio-database.com/ADVENT/speaker/smalleradvent.html;https://audio-database.com/ADVENT/speaker/samsmalleradvent.jpg
Classic1;https://audio-database.com/ALR/speaker/classic1.html;https://audio-database.com/ALR/speaker/samclassic1.jpg
Classic2;https://audio-database.com/ALR/speaker/classic2.html;https://audio-database.com/ALR/speaker/samclassic2.jpg
Classic5;https://audio-database.com/ALR/speaker/classic5.html;https://audio-database.com/ALR/speaker/samclassic5.jpg
Entry Si;https://audio-database.com/ALR/speaker/entry-si.html;https://audio-database.com/ALR/speaker/samentry-si.jpg
BA-200;https://audio-database.com/ARTAUDIO/speaker/ba-200.html;https://audio-database.com/ARTAUDIO/speaker/samba-200.jpg
PAD-202;https://audio-database.com/AUDIONIX/speaker/pad-202.html;https://audio-database.com/AUDIONIX/speaker/sampad-202.jpg
AS-20;https://audio-database.com/AUDIO-STYLE/speaker/as-20.html;https://audio-database.com/AUDIO-STYLE/speaker/samas-20.jpg
TU-50;https://audio-database.com/AURA/tuner/tu-50.html;https://audio-database.com/AURA/tuner/samtu-50.jpg
ARCUS;https://audio-database.com/AVALON/speaker/arcus-e.html;https://audio-database.com/AVALON/speaker/arcus
ASCENDANT;https://audio-database.com/AVALON/speaker/ascendant.html;https://audio-database.com/AVALON/speaker/samascendant.jpg
AVATAR;https://audio-database.com/AVALON/speaker/avatar-e.html;https://audio-database.com/AVALON/speaker/avatar
DIAMOND;https://audio-database.com/AVALON/speaker/diamond.html;https://audio-database.com/AVALON/speaker/samdiamond.jpg
ECLIPSE;https://audio-database.com/AVALON/speaker/eclipse-e.html;https://audio-database.com/AVALON/speaker/eclipse
MONITOR;https://audio-database.com/AVALON/speaker/monitor-e.html;https://audio-database.com/AVALON/speaker/monitor
OSIRIS;https://audio-database.com/AVALON/speaker/osiris-e.html;https://audio-database.com/AVALON/speaker/osiris
RADIAN;https://audio-database.com/AVALON/speaker/radian-e.html;https://audio-database.com/AVALON/speaker/radian
RADIAN HC;https://audio-database.com/AVALON/speaker/radianhc-e.html;https://audio-database.com/AVALON/speaker/radian hc
Symbol-II;https://audio-database.com/AVALON/speaker/symbol-ii.html;https://audio-database.com/AVALON/speaker/samsymbol-ii.jpg
SC I;https://audio-database.com/BNS/speaker/sci.html;https://audio-database.com/BNS/speaker/samsci.jpg
SC III;https://audio-database.com/BNS/speaker/sciii.html;https://audio-database.com/BNS/speaker/samsciii.jpg
CT80N;https://audio-database.com/CANTON/speaker/ct80n.html;https://audio-database.com/CANTON/speaker/samct80n.JPG
CT90;https://audio-database.com/CANTON/speaker/ct90.html;https://audio-database.com/CANTON/speaker/samct90.JPG
CT100N;https://audio-database.com/CANTON/speaker/ct100n.html;https://audio-database.com/CANTON/speaker/samct100n.JPG
CT120;https://audio-database.com/CANTON/speaker/ct120.html;https://audio-database.com/CANTON/speaker/samct120.JPG
D-1;https://audio-database.com/CERWINVEGA/speaker/d-1.html;https://audio-database.com/CERWINVEGA/speaker/samd-1.JPG
Hiper X;https://audio-database.com/CHARIO/speaker/hiperx.html;https://audio-database.com/CHARIO/speaker/samhiperx.JPG
Hiper 3X;https://audio-database.com/CHARIO/speaker/hiper3x.html;https://audio-database.com/CHARIO/speaker/samhiper3x.JPG
Reference 100;https://audio-database.com/CHARIO/speaker/reference100.html;https://audio-database.com/CHARIO/speaker/samreference100.jpg
Speaker system;https://audio-database.com/CYRUS-MISSION/speaker/index.html;https://audio-database.com/CYRUS-MISSION/speaker.JPG
CRAFT - α 9000;https://audio-database.com/DAIKEN/speaker/craft-alpha9000.html;https://audio-database.com/DAIKEN/speaker/samcraft-alpha9000.jpg
DALI-2;https://audio-database.com/DALI/speaker/dali-2.html;https://audio-database.com/DALI/speaker/samdali-2.jpg
DALI-3;https://audio-database.com/DALI/speaker/dali-3.html;https://audio-database.com/DALI/speaker/samdali-3.jpg
DALI-6;https://audio-database.com/DALI/speaker/dali-6.html;https://audio-database.com/DALI/speaker/samdali-6.jpg
DALI-7;https://audio-database.com/DALI/speaker/dali-7.html;https://audio-database.com/DALI/speaker/samdali-7.jpg
DALI-8;https://audio-database.com/DALI/speaker/dali-8.html;https://audio-database.com/DALI/speaker/samdali-8.jpg
AVSP-101;https://audio-database.com/DELCATEC/speaker/avsp-101.html;https://audio-database.com/DELCATEC/speaker/samavsp-101.jpg
Adamantes-II;https://audio-database.com/DIAPASON/speaker/adamantes-ii.html;https://audio-database.com/DIAPASON/speaker/samadamantes-ii.JPG
213-4 π;https://audio-database.com/ELAC/speaker/213-4pi.html;https://audio-database.com/ELAC/speaker/sam213-4pi.jpg
CL310JET;https://audio-database.com/ELAC/speaker/cl310jet.html;https://audio-database.com/ELAC/speaker/samcl310jet.jpg
XP-44S;https://audio-database.com/FISHER/speaker/xp-44s.html;https://audio-database.com/FISHER/speaker/samxp-44s.jpg
XP-55S;https://audio-database.com/FISHER/speaker/xp-55s.html;https://audio-database.com/FISHER/speaker/samxp-55s.jpg
XP-65S;https://audio-database.com/FISHER/speaker/xp-65s.html;https://audio-database.com/FISHER/speaker/samxp-65s.jpg
Monitor HL;https://audio-database.com/HARBETH/speaker/hl-e.html;https://audio-database.com/HARBETH/speaker/Monitor HL
HL TypeIV;https://audio-database.com/HARBETH/speaker/hltypeiv-e.html;https://audio-database.com/HARBETH/speaker/HL TypeIV
HL5;https://audio-database.com/HARBETH/speaker/hl5-e.html;https://audio-database.com/HARBETH/speaker/HL5
Super HL5;https://audio-database.com/HARBETH/speaker/superhl5-e.html;https://audio-database.com/HARBETH/speaker/Super HL5
HLCompact;https://audio-database.com/HARBETH/speaker/hlcompact-e.html;https://audio-database.com/HARBETH/speaker/HLCompact
HLCompact 7;https://audio-database.com/HARBETH/speaker/hlcompact7-e.html;https://audio-database.com/HARBETH/speaker/HLCompact 7
HLCompact 7ES-2;https://audio-database.com/HARBETH/speaker/hlcompact7es-2-e.html;https://audio-database.com/HARBETH/speaker/HL Compact 7ES-2
HLCompact 7ES-3;https://audio-database.com/HARBETH/speaker/hlcompact7es-3-e.html;https://audio-database.com/HARBETH/speaker/HL Compact 7ES-3
HL-P3ES;https://audio-database.com/HARBETH/speaker/hl-p3es-e.html;https://audio-database.com/HARBETH/speaker/HL-P3ES
HL-P3ES-2;https://audio-database.com/HARBETH/speaker/hl-p3es-2-e.html;https://audio-database.com/HARBETH/speaker/HL-P3ES-2
